{
  "invalid_usernames": {
    "st_gavom_k": 1754297054.541937,
    "mimipig_owo": 1754550557.4801786,
    "qiu_zzzzi": 1754452309.1918614,
    "isneaxlili": 1754297054.5692797,
    "qwqfrieren": 1754297054.5794482,
    "innerthighchanel": 1754192137.7384996,
    "maybe": 1754297054.624344,
    "mimifish_owo": 1754297054.6989865,
    "capodtrn": 1754452310.0006115,
    "chiikawadarling": 1754297054.713558,
    "faze_zaine": 1754550556.9241846,
    "yaodaojisama": 1754297054.7191505,
    "killua": 1754297054.759646,
    "yt_lstarshunshun": 1754297054.7400668,
    "eundunumji": 1754550559.1651387,
    "furia_keon": 1754105334.2521238,
    "lic_luvutzuwu": 1754550557.0264142,
    "aiaskywalker": 1754297054.8718388,
    "butter": 1754297054.8407493,
    "daliruxiii_jp": 1754105334.2568238,
    "leyodairuka": 1754297054.9378302,
    "mistermohski": 1754297054.915805,
    "fmvbc": 1754297055.0088217,
    "cimj_denpride": 1754550557.6675375,
    "smileslime_youtube": 1754297054.91346,
    "mankskii": 1754192138.0632234,
    "keshigom_apex": 1754297054.9145916,
    "lllapexergg": 1754297055.010456,
    "cmu_bobo": 1754297055.011836,
    "chodog_o": 1754297055.1397293,
    "unseeliexprince": 1754192138.126378,
    "cimj_spongeetl": 1754550557.1705987,
    "immortalhashirattv": 1754452309.2406938,
    "happy": 1754297055.1026442,
    "qwqjame": 1754297055.1111803,
    "roseeeeeeeeeeeeei": 1754550559.451508,
    "noft_maiaka": 1754192138.1350904,
    "grutory": 1754297055.040571,
    "allmyfaul": 1754452309.9917123,
    "blackroad_twitch": 1754297055.1014643,
    "memberr_ttv": 1754297055.35898,
    "espoirovo": 1754297055.3604887,
    "lixcezn": 1754297055.379951,
    "qyysag": 1754297055.159734,
    "jusna_fan": 1754297055.3925533,
    "mikusukiz": 1754192138.3448675,
    "yttitotheemu": 1754105334.2914698,
    "midot_t": 1754297055.276908,
    "keepgoingw": 1754297055.4702785,
    "_twitch": 1754550557.8999767,
    "yorlinnnnnn": 1754297055.3782878,
    "lumi_zm": 1754297055.4193494,
    "duoyixue": 1754297055.3707001,
    "jackiechan_wbg": 1754297055.5226958,
    "vwwushi": 1754297055.549701,
    "_xigua": 1754297055.5511904,
    "xtsuvi": 1754297055.357457,
    "godjanpredator": 1754297055.4810495,
    "namechefvia": 1754297055.7354581,
    "genoooooooos": 1754297055.7102377,
    "fxxkingq": 1754192138.7696753,
    "fitooax": 1754192138.732337,
    "bscssq": 1754105334.3209639,
    "execlozer": 1754297055.5436354,
    "xrykeydaddy_x": 1754192138.6531892,
    "dreamtravelercuz": 1754192138.7450612,
    "iitztouke": 1754452308.9742088
  },
  "last_updated": null
}